category,id
Dishwasher,11622
Dishwasher,11661
Dishwasher,11700
Dishwasher,11826
Dishwasher,11887
Dishwasher,12065
Dishwasher,12071
Dishwasher,12085
Dishwasher,12092
Dishwasher,12259
Dishwasher,12349
Dishwasher,12414
Dishwasher,12428
Dishwasher,12480
Dishwasher,12484
Dishwasher,12530
Dishwasher,12531
Dishwasher,12536
Dishwasher,12540
Dishwasher,12542
Dishwasher,12543
Dishwasher,12552
Dishwasher,12553
Dishwasher,12558
Dishwasher,12559
Dishwasher,12560
Dishwasher,12561
Dishwasher,12562
Dishwasher,12563
Dishwasher,12565
Dishwasher,12578
Dishwasher,12579
Dishwasher,12580
Dishwasher,12583
Dishwasher,12584
Dishwasher,12587
Dishwasher,12590
Dishwasher,12592
Dishwasher,12594
Dishwasher,12596
Dishwasher,12597
Dishwasher,12605
Dishwasher,12606
Dishwasher,12612
Dishwasher,12614
Dishwasher,12617
Dishwasher,12621
Dishwasher,12654
FoldingChair,179
FoldingChair,723
FoldingChair,762
FoldingChair,2230
FoldingChair,2320
FoldingChair,2364
FoldingChair,2440
FoldingChair,2471
FoldingChair,2490
FoldingChair,2554
FoldingChair,2627
FoldingChair,2780
FoldingChair,3028
FoldingChair,3091
FoldingChair,3140
FoldingChair,3143
FoldingChair,3171
FoldingChair,3193
FoldingChair,35063
FoldingChair,36250
FoldingChair,36280
FoldingChair,36409
FoldingChair,36761
FoldingChair,36845
FoldingChair,36912
FoldingChair,36983
FoldingChair,37099
FoldingChair,37247
FoldingChair,37351
FoldingChair,37825
FoldingChair,37834
FoldingChair,37954
FoldingChair,38287
FoldingChair,38325
FoldingChair,38357
FoldingChair,38368
FoldingChair,38486
FoldingChair,38510
FoldingChair,38519
FoldingChair,38803
FoldingChair,38841
FoldingChair,38994
FoldingChair,39015
FoldingChair,39047
FoldingChair,39138
FoldingChair,39313
FoldingChair,39392
FoldingChair,39432
FoldingChair,39485
FoldingChair,39551
FoldingChair,39628
FoldingChair,39988
FoldingChair,40067
FoldingChair,40069
FoldingChair,40168
FoldingChair,40225
FoldingChair,40890
FoldingChair,40982
FoldingChair,41045
FoldingChair,41153
FoldingChair,41434
FoldingChair,41438
FoldingChair,41609
FoldingChair,41610
FoldingChair,41653
FoldingChair,41667
FoldingChair,41838
FoldingChair,42001
FoldingChair,42057
FoldingChair,42378
FoldingChair,42452
FoldingChair,42556
FoldingChair,42647
FoldingChair,42856
FoldingChair,43074
FoldingChair,43142
FoldingChair,44441
FoldingChair,44445
FoldingChair,44729
FoldingChair,44876
FoldingChair,44961
Laptop,9748
Laptop,9912
Laptop,9918
Laptop,9960
Laptop,9968
Laptop,9987
Laptop,9992
Laptop,9996
Laptop,10040
Laptop,10090
Laptop,10098
Laptop,10101
Laptop,10108
Laptop,10125
Laptop,10211
Laptop,10213
Laptop,10238
Laptop,10239
Laptop,10243
Laptop,10248
Laptop,10269
Laptop,10270
Laptop,10280
Laptop,10289
Laptop,10305
Laptop,10306
Laptop,10356
Laptop,10383
Laptop,10626
Laptop,10697
Laptop,10707
Laptop,10885
Laptop,10915
Laptop,11030
Laptop,11075
Laptop,11141
Laptop,11156
Laptop,11242
Laptop,11248
Laptop,11395
Laptop,11405
Laptop,11406
Laptop,11429
Laptop,11477
Laptop,11538
Laptop,11581
Laptop,11586
Laptop,11691
Laptop,11778
Laptop,11854
Laptop,11876
Laptop,11888
Laptop,11945
Laptop,12073
Laptop,12115
Microwave,7119
Microwave,7128
Microwave,7167
Microwave,7221
Microwave,7236
Microwave,7263
Microwave,7265
Microwave,7273
Microwave,7292
Microwave,7296
Microwave,7304
Microwave,7306
Microwave,7310
Microwave,7320
Microwave,7349
Microwave,7366
Oven,7120
Oven,7130
Oven,7138
Oven,7179
Oven,7187
Oven,7201
Oven,7220
Oven,7290
Oven,7332
Oven,7347
Oven,101773
Oven,101808
Oven,101908
Oven,101909
Oven,101917
Oven,101921
Oven,101924
Oven,101930
Oven,101931
Oven,101940
Oven,101943
Oven,101946
Oven,101947
Oven,101971
Oven,102001
Oven,102018
Oven,102019
Oven,102044
Oven,102055
Oven,102060
Refrigerator,10036
Refrigerator,10068
Refrigerator,10143
Refrigerator,10144
Refrigerator,10347
Refrigerator,10373
Refrigerator,10489
Refrigerator,10586
Refrigerator,10612
Refrigerator,10620
Refrigerator,10627
Refrigerator,10638
Refrigerator,10655
Refrigerator,10685
Refrigerator,10751
Refrigerator,10797
Refrigerator,10849
Refrigerator,10867
Refrigerator,10900
Refrigerator,10905
Refrigerator,10944
Refrigerator,11178
Refrigerator,11211
Refrigerator,11231
Refrigerator,11260
Refrigerator,11299
Refrigerator,11304
Refrigerator,11550
Refrigerator,11709
Refrigerator,11712
Refrigerator,11846
Refrigerator,12036
Refrigerator,12038
Refrigerator,12042
Refrigerator,12043
Refrigerator,12050
Refrigerator,12054
Refrigerator,12055
Refrigerator,12059
Refrigerator,12066
Refrigerator,12248
Refrigerator,12249
Refrigerator,12250
Refrigerator,12252
StorageFurniture,19179
StorageFurniture,19203
StorageFurniture,19384
StorageFurniture,19740
StorageFurniture,19825
StorageFurniture,19836
StorageFurniture,19855
StorageFurniture,19898
StorageFurniture,20043
StorageFurniture,20077
StorageFurniture,20279
StorageFurniture,20411
StorageFurniture,20453
StorageFurniture,20555
StorageFurniture,20745
StorageFurniture,20985
StorageFurniture,21467
StorageFurniture,21473
StorageFurniture,21718
StorageFurniture,22241
StorageFurniture,22301
StorageFurniture,22339
StorageFurniture,22367
StorageFurniture,22433
StorageFurniture,22508
StorageFurniture,22692
StorageFurniture,22870
StorageFurniture,23372
StorageFurniture,23472
StorageFurniture,23511
StorageFurniture,23650
StorageFurniture,23724
StorageFurniture,23782
StorageFurniture,23807
StorageFurniture,24152
StorageFurniture,24644
StorageFurniture,24931
StorageFurniture,25144
StorageFurniture,25160
StorageFurniture,25308
StorageFurniture,25493
StorageFurniture,25756
StorageFurniture,25913
StorageFurniture,25959
StorageFurniture,26073
StorageFurniture,26387
StorageFurniture,26503
StorageFurniture,26525
StorageFurniture,26545
StorageFurniture,26608
StorageFurniture,26652
StorageFurniture,26657
StorageFurniture,26670
StorageFurniture,26692
StorageFurniture,26800
StorageFurniture,26806
StorageFurniture,26875
StorageFurniture,26886
StorageFurniture,26899
StorageFurniture,27044
StorageFurniture,27189
StorageFurniture,27267
StorageFurniture,27478
StorageFurniture,27619
StorageFurniture,28164
StorageFurniture,28594
StorageFurniture,28668
StorageFurniture,29133
StorageFurniture,29525
StorageFurniture,29557
StorageFurniture,29921
StorageFurniture,30238
StorageFurniture,30341
StorageFurniture,30663
StorageFurniture,30666
StorageFurniture,30739
StorageFurniture,30857
StorageFurniture,30869
StorageFurniture,31249
StorageFurniture,31601
StorageFurniture,32052
StorageFurniture,32086
StorageFurniture,32174
StorageFurniture,32213
StorageFurniture,32259
StorageFurniture,32324
StorageFurniture,32354
StorageFurniture,32566
StorageFurniture,32601
StorageFurniture,32625
StorageFurniture,32746
StorageFurniture,32761
StorageFurniture,32932
StorageFurniture,33116
StorageFurniture,33457
StorageFurniture,33810
StorageFurniture,33914
StorageFurniture,33930
StorageFurniture,34178
StorageFurniture,34610
StorageFurniture,34617
StorageFurniture,35059
StorageFurniture,38516
StorageFurniture,40147
StorageFurniture,40417
StorageFurniture,40453
StorageFurniture,41003
StorageFurniture,41004
StorageFurniture,41083
StorageFurniture,41085
StorageFurniture,41086
StorageFurniture,41452
StorageFurniture,41510
StorageFurniture,41529
StorageFurniture,44781
StorageFurniture,44817
StorageFurniture,44826
StorageFurniture,44853
StorageFurniture,44962
StorageFurniture,45001
StorageFurniture,45007
StorageFurniture,45087
StorageFurniture,45091
StorageFurniture,45092
StorageFurniture,45130
StorageFurniture,45132
StorageFurniture,45134
StorageFurniture,45135
StorageFurniture,45146
StorageFurniture,45159
StorageFurniture,45162
StorageFurniture,45164
StorageFurniture,45166
StorageFurniture,45168
StorageFurniture,45173
StorageFurniture,45176
StorageFurniture,45177
StorageFurniture,45178
StorageFurniture,45189
StorageFurniture,45194
StorageFurniture,45203
StorageFurniture,45212
StorageFurniture,45213
StorageFurniture,45219
StorageFurniture,45235
StorageFurniture,45238
StorageFurniture,45243
StorageFurniture,45244
StorageFurniture,45247
StorageFurniture,45248
StorageFurniture,45249
StorageFurniture,45261
StorageFurniture,45262
StorageFurniture,45267
StorageFurniture,45271
StorageFurniture,45290
StorageFurniture,45297
StorageFurniture,45305
StorageFurniture,45323
StorageFurniture,45332
StorageFurniture,45354
StorageFurniture,45372
StorageFurniture,45374
StorageFurniture,45378
StorageFurniture,45384
StorageFurniture,45385
StorageFurniture,45387
StorageFurniture,45397
StorageFurniture,45403
StorageFurniture,45413
StorageFurniture,45415
StorageFurniture,45419
StorageFurniture,45420
StorageFurniture,45423
StorageFurniture,45427
StorageFurniture,45443
StorageFurniture,45444
StorageFurniture,45448
StorageFurniture,45463
StorageFurniture,45503
StorageFurniture,45504
StorageFurniture,45505
StorageFurniture,45516
StorageFurniture,45523
StorageFurniture,45524
StorageFurniture,45526
StorageFurniture,45573
StorageFurniture,45575
StorageFurniture,45594
StorageFurniture,45600
StorageFurniture,45606
StorageFurniture,45612
StorageFurniture,45620
StorageFurniture,45621
StorageFurniture,45622
StorageFurniture,45623
StorageFurniture,45632
StorageFurniture,45633
StorageFurniture,45636
StorageFurniture,45638
StorageFurniture,45642
StorageFurniture,45645
StorageFurniture,45661
StorageFurniture,45662
StorageFurniture,45667
StorageFurniture,45670
StorageFurniture,45671
StorageFurniture,45676
StorageFurniture,45677
StorageFurniture,45687
StorageFurniture,45689
StorageFurniture,45690
StorageFurniture,45691
StorageFurniture,45693
StorageFurniture,45694
StorageFurniture,45696
StorageFurniture,45699
StorageFurniture,45710
StorageFurniture,45717
StorageFurniture,45725
StorageFurniture,45746
StorageFurniture,45747
StorageFurniture,45749
StorageFurniture,45756
StorageFurniture,45759
StorageFurniture,45767
StorageFurniture,45776
StorageFurniture,45779
StorageFurniture,45780
StorageFurniture,45783
StorageFurniture,45784
StorageFurniture,45790
StorageFurniture,45801
StorageFurniture,45822
StorageFurniture,45841
StorageFurniture,45850
StorageFurniture,45853
StorageFurniture,45855
StorageFurniture,45908
StorageFurniture,45910
StorageFurniture,45915
StorageFurniture,45916
StorageFurniture,45922
StorageFurniture,45936
StorageFurniture,45937
StorageFurniture,45940
StorageFurniture,45948
StorageFurniture,45949
StorageFurniture,45950
StorageFurniture,45961
StorageFurniture,45963
StorageFurniture,45964
StorageFurniture,45984
StorageFurniture,46002
StorageFurniture,46014
StorageFurniture,46019
StorageFurniture,46029
StorageFurniture,46033
StorageFurniture,46037
StorageFurniture,46044
StorageFurniture,46045
StorageFurniture,46057
StorageFurniture,46060
StorageFurniture,46084
StorageFurniture,46092
StorageFurniture,46107
StorageFurniture,46108
StorageFurniture,46109
StorageFurniture,46117
StorageFurniture,46120
StorageFurniture,46123
StorageFurniture,46127
StorageFurniture,46130
StorageFurniture,46132
StorageFurniture,46134
StorageFurniture,46145
StorageFurniture,46166
StorageFurniture,46172
StorageFurniture,46179
StorageFurniture,46180
StorageFurniture,46197
StorageFurniture,46199
StorageFurniture,46230
StorageFurniture,46236
StorageFurniture,46277
StorageFurniture,46334
StorageFurniture,46380
StorageFurniture,46401
StorageFurniture,46403
StorageFurniture,46408
StorageFurniture,46417
StorageFurniture,46427
StorageFurniture,46430
StorageFurniture,46437
StorageFurniture,46439
StorageFurniture,46440
StorageFurniture,46443
StorageFurniture,46452
StorageFurniture,46456
StorageFurniture,46462
StorageFurniture,46466
StorageFurniture,46480
StorageFurniture,46481
StorageFurniture,46490
StorageFurniture,46537
StorageFurniture,46544
StorageFurniture,46549
StorageFurniture,46556
StorageFurniture,46563
StorageFurniture,46598
StorageFurniture,46616
StorageFurniture,46641
StorageFurniture,46653
StorageFurniture,46655
StorageFurniture,46699
StorageFurniture,46700
StorageFurniture,46732
StorageFurniture,46741
StorageFurniture,46744
StorageFurniture,46762
StorageFurniture,46768
StorageFurniture,46787
StorageFurniture,46801
StorageFurniture,46825
StorageFurniture,46839
StorageFurniture,46847
StorageFurniture,46856
StorageFurniture,46859
StorageFurniture,46874
StorageFurniture,46879
StorageFurniture,46889
StorageFurniture,46893
StorageFurniture,46896
StorageFurniture,46906
StorageFurniture,46922
StorageFurniture,46944
StorageFurniture,46955
StorageFurniture,46966
StorageFurniture,46981
StorageFurniture,47021
StorageFurniture,47024
StorageFurniture,47088
StorageFurniture,47089
StorageFurniture,47099
StorageFurniture,47133
StorageFurniture,47168
StorageFurniture,47178
StorageFurniture,47180
StorageFurniture,47182
StorageFurniture,47183
StorageFurniture,47185
StorageFurniture,47187
StorageFurniture,47207
StorageFurniture,47227
StorageFurniture,47233
StorageFurniture,47235
StorageFurniture,47238
StorageFurniture,47252
StorageFurniture,47254
StorageFurniture,47278
StorageFurniture,47281
StorageFurniture,47290
StorageFurniture,47296
StorageFurniture,47315
StorageFurniture,47316
StorageFurniture,47388
StorageFurniture,47391
StorageFurniture,47419
StorageFurniture,47438
StorageFurniture,47443
StorageFurniture,47466
StorageFurniture,47514
StorageFurniture,47529
StorageFurniture,47565
StorageFurniture,47570
StorageFurniture,47577
StorageFurniture,47578
StorageFurniture,47585
StorageFurniture,47595
StorageFurniture,47601
StorageFurniture,47613
StorageFurniture,47632
StorageFurniture,47648
StorageFurniture,47651
StorageFurniture,47669
StorageFurniture,47686
StorageFurniture,47701
StorageFurniture,47711
StorageFurniture,47729
StorageFurniture,47742
StorageFurniture,47747
StorageFurniture,47808
StorageFurniture,47817
StorageFurniture,47853
StorageFurniture,47926
StorageFurniture,47944
StorageFurniture,47954
StorageFurniture,47963
StorageFurniture,47976
StorageFurniture,48010
StorageFurniture,48013
StorageFurniture,48018
StorageFurniture,48023
StorageFurniture,48036
StorageFurniture,48051
StorageFurniture,48063
StorageFurniture,48167
StorageFurniture,48169
StorageFurniture,48177
StorageFurniture,48243
StorageFurniture,48253
StorageFurniture,48258
StorageFurniture,48263
StorageFurniture,48271
StorageFurniture,48356
StorageFurniture,48379
StorageFurniture,48381
StorageFurniture,48413
StorageFurniture,48452
StorageFurniture,48467
StorageFurniture,48479
StorageFurniture,48490
StorageFurniture,48491
StorageFurniture,48497
StorageFurniture,48513
StorageFurniture,48517
StorageFurniture,48519
StorageFurniture,48623
StorageFurniture,48686
StorageFurniture,48700
StorageFurniture,48721
StorageFurniture,48740
StorageFurniture,48746
StorageFurniture,48797
StorageFurniture,48855
StorageFurniture,48859
StorageFurniture,48876
StorageFurniture,48878
StorageFurniture,49025
StorageFurniture,49038
StorageFurniture,49042
StorageFurniture,49062
StorageFurniture,49132
StorageFurniture,49133
StorageFurniture,49140
StorageFurniture,49182
StorageFurniture,49188
WashingMachine,100282
WashingMachine,100283
WashingMachine,103351
WashingMachine,103361
WashingMachine,103369
WashingMachine,103425
WashingMachine,103452
WashingMachine,103480
WashingMachine,103490
WashingMachine,103508
WashingMachine,103518
WashingMachine,103521
WashingMachine,103528
WashingMachine,103775
WashingMachine,103776
WashingMachine,103778
WashingMachine,103781
TrashCan,4108
TrashCan,10357
TrashCan,10584
TrashCan,11124
TrashCan,11229
TrashCan,11259
TrashCan,11279
TrashCan,11361
TrashCan,11818
TrashCan,11951
TrashCan,12231
TrashCan,12289
TrashCan,12445
TrashCan,12447
TrashCan,12477
TrashCan,12483
TrashCan,100731
TrashCan,100732
TrashCan,101377
TrashCan,101378
TrashCan,101380
TrashCan,101384
TrashCan,102153
TrashCan,102154
TrashCan,102155
TrashCan,102156
TrashCan,102158
TrashCan,102160
TrashCan,102163
TrashCan,102165
TrashCan,102171
TrashCan,102173
TrashCan,102177
TrashCan,102181
TrashCan,102182
TrashCan,102186
TrashCan,102187
TrashCan,102189
TrashCan,102192
TrashCan,102193
TrashCan,102194
TrashCan,102200
TrashCan,102201
TrashCan,102202
TrashCan,102209
TrashCan,102210
TrashCan,102218
TrashCan,102219
TrashCan,102227
TrashCan,102229
TrashCan,102234
TrashCan,102244
TrashCan,102252
TrashCan,102254
TrashCan,102256
TrashCan,102257
TrashCan,102259
TrashCan,102992
TrashCan,102996
TrashCan,103007
TrashCan,103008
TrashCan,103010
TrashCan,103012
TrashCan,103013
TrashCan,103633
TrashCan,103634
TrashCan,103635
TrashCan,103639
TrashCan,103646
TrashCan,103647
